{
    "adult": {
        "XGBoost": {
            "learning_rate": 0.019059453939477687,
            "max_depth": 9,
            "subsample": 0.934368034754007,
            "colsample_bytree": 0.6196730658198994,
            "min_child_weight": 9.93460872540233,
            "reg_lambda": 0.013014087794424915,
            "reg_alpha": 0.05647110231034713
        },
        "LightGBM": {
            "max_depth": 10,
            "learning_rate": 0.03900930962700031,
            "num_leaves": 72,
            "subsample": 0.9360658040001307,
            "colsample_bytree": 0.7202249093548448,
            "min_child_samples": 43,
            "reg_lambda": 0.455587083789881,
            "reg_alpha": 0.14876655118040405
        },
        "CatBoost": {
            "learning_rate": 0.07785915862669697,
            "depth": 8,
            "l2_leaf_reg": 4.605522260620054
        },
        "OQBoost": {
            "learning_rate": 0.017154714661018623,
            "max_depth": 5,
            "subsample": 0.9739055738874087,
            "reg_lambda": 1.1159827814996675
        }
    },
    "credit_default": {
        "XGBoost": {
            "learning_rate": 0.053600068652936976,
            "max_depth": 9,
            "subsample": 0.5470326352118376,
            "colsample_bytree": 0.969460578443926,
            "min_child_weight": 11.561114295183533,
            "reg_lambda": 8.252224133938963,
            "reg_alpha": 2.889457775891894
        },
        "LightGBM": {
            "max_depth": 12,
            "learning_rate": 0.054255669435735655,
            "num_leaves": 32,
            "subsample": 0.5490137035770993,
            "colsample_bytree": 0.9784296424895239,
            "min_child_samples": 58,
            "reg_lambda": 4.411166115437241,
            "reg_alpha": 0.007794832441818355
        },
        "CatBoost": {
            "learning_rate": 0.17249505589551348,
            "depth": 5,
            "l2_leaf_reg": 6.5998706630823465
        },
        "OQBoost": {
            "learning_rate": 0.07878000826655275,
            "max_depth": 4,
            "subsample": 0.6598668658645528,
            "reg_lambda": 19.87126110783892
        }
    },
    "give_me_some_credit": {
        "XGBoost": {
            "learning_rate": 0.2021572632188189,
            "max_depth": 5,
            "subsample": 0.6321184691009888,
            "colsample_bytree": 0.5867850128669226,
            "min_child_weight": 19.680737535336092,
            "reg_lambda": 0.002646178489529458,
            "reg_alpha": 0.005131602780467851
        },
        "LightGBM": {
            "max_depth": 8,
            "learning_rate": 0.2314940448067701,
            "num_leaves": 146,
            "subsample": 0.6187345154093193,
            "colsample_bytree": 0.8681143332942529,
            "min_child_samples": 92,
            "reg_lambda": 0.02718913921945835,
            "reg_alpha": 0.028957284570678452
        },
        "CatBoost": {
            "learning_rate": 0.2713664420063428,
            "depth": 5,
            "l2_leaf_reg": 16.209719823453376
        },
        "OQBoost": {
            "learning_rate": 0.11872777333112683,
            "max_depth": 4,
            "subsample": 0.872748338455775,
            "reg_lambda": 12.570525856343505
        }
    }
}