{
    "adult": {
        "XGBoost": {
            "learning_rate": 0.06847739902709346,
            "max_depth": 7,
            "subsample": 0.9381052981240365,
            "colsample_bytree": 0.5291740486445293,
            "min_child_weight": 5.176334459199232,
            "reg_lambda": 0.029831206458753954,
            "reg_alpha": 1.0333433660755313
        },
        "LightGBM": {
            "max_depth": 5,
            "learning_rate": 0.06102897743301268,
            "num_leaves": 255,
            "subsample": 0.99853285280431,
            "colsample_bytree": 0.8842143150553543,
            "min_child_samples": 33,
            "reg_lambda": 0.03905297524994547,
            "reg_alpha": 0.006414832543135286
        },
        "CatBoost": {
            "learning_rate": 0.1368663843054387,
            "depth": 6,
            "l2_leaf_reg": 15.018427185390774
        },
        "OQBoost": {
            "learning_rate": 0.07966124805672536,
            "max_depth": 5,
            "subsample": 0.9967447100569178,
            "reg_lambda": 6.598155630954031
        }
    },
    "credit_default": {
        "XGBoost": {
            "learning_rate": 0.1395090927773516,
            "max_depth": 9,
            "subsample": 0.7101253696260256,
            "colsample_bytree": 0.9084769930203007,
            "min_child_weight": 19.288484362358517,
            "reg_lambda": 2.63574896242199,
            "reg_alpha": 2.9128857280302953
        },
        "LightGBM": {
            "max_depth": 5,
            "learning_rate": 0.05497855902954822,
            "num_leaves": 41,
            "subsample": 0.7870500950037892,
            "colsample_bytree": 0.9324360445282021,
            "min_child_samples": 9,
            "reg_lambda": 4.458695988980687,
            "reg_alpha": 4.373232206048755
        },
        "CatBoost": {
            "learning_rate": 0.231753557192516,
            "depth": 7,
            "l2_leaf_reg": 3.5170848434732815
        },
        "OQBoost": {
            "learning_rate": 0.1973520579426522,
            "max_depth": 6,
            "subsample": 0.5535461448631676,
            "reg_lambda": 12.637173457431624
        }
    },
    "give_me_some_credit": {
        "XGBoost": {
            "learning_rate": 0.18211403249259053,
            "max_depth": 9,
            "subsample": 0.6158581011625684,
            "colsample_bytree": 0.5869437031891176,
            "min_child_weight": 19.52966850987075,
            "reg_lambda": 0.08619420967596052,
            "reg_alpha": 0.440290001483212
        },
        "LightGBM": {
            "max_depth": 4,
            "learning_rate": 0.22378854138549178,
            "num_leaves": 168,
            "subsample": 0.6427734440586391,
            "colsample_bytree": 0.7962717403552559,
            "min_child_samples": 93,
            "reg_lambda": 0.0014956336076581355,
            "reg_alpha": 0.19087466840437733
        },
        "CatBoost": {
            "learning_rate": 0.28291864989564375,
            "depth": 5,
            "l2_leaf_reg": 6.238873857696808
        },
        "OQBoost": {
            "learning_rate": 0.1115324957468542,
            "max_depth": 5,
            "subsample": 0.5556206878037047,
            "reg_lambda": 16.388032724745585
        }
    }
}